{"cameraMode":{"drawMode":0,"name":"Shaded","section":"Shading Mode"},"sceneLighting":true,"audioPlay":false,"sceneViewState":{"showFog":true,"showMaterialUpdate":false,"showSkybox":true,"showFlares":true,"showImageEffects":true,"showParticleSystems":true},"in2DMode":false,"pivot":{"x":606.9306640625,"y":271.8005065917969,"z":330.8877868652344},"rotation":{"x":-0.04709984362125397,"y":0.0009602183126844466,"z":-0.00004390556568978354,"w":-0.9988897442817688},"size":1075.1873779296875,"orthographic":false}